MTTP	Abetalipoproteinemia
SOX9	Campomelic Dysplasia
FGFR3	Achondroplasia
KIF7	Acrocallosal Syndrome
ATP2A2	Darier Disease
APC	Adenomatous Polyposis Coli
TP53	Adrenocortical Carcinoma
ABCD1	Adrenoleukodystrophy
IGHM	Agammaglobulinemia
IGLL1	Agammaglobulinemia
CD79A	Agammaglobulinemia
BLNK	Agammaglobulinemia
LRRC8A	Agammaglobulinemia
CD79B	Agammaglobulinemia
NOTCH2	Alagille Syndrome
GFAP	Alexander Disease
HGD	Alkaptonuria
COL4A5	Nephritis, Hereditary
COL4A3	Nephritis, Hereditary
COL4A3	Nephritis, Hereditary
COL4A4	Nephritis, Hereditary
ALMS1	Alstrom Syndrome
FOXF1	Persistent Fetal Circulation Syndrome
ASPSCR1	Sarcoma, Alveolar Soft Part
PSEN2	Alzheimer Disease
ACY1	Canavan Disease
SOD1	Amyotrophic Lateral Sclerosis
FIG4	Amyotrophic Lateral Sclerosis
OPTN	Amyotrophic Lateral Sclerosis
CHMP2B	Amyotrophic Lateral Sclerosis
PFN1	Amyotrophic Lateral Sclerosis
ERBB4	Amyotrophic Lateral Sclerosis
HNRNPA1	Amyotrophic Lateral Sclerosis
MATR3	Amyotrophic Lateral Sclerosis
VAPB	Amyotrophic Lateral Sclerosis
ANG	Amyotrophic Lateral Sclerosis
SEPT9	Brachial Plexus Neuritis
KCNJ2	Andersen Syndrome
MECP2	Angelman Syndrome
UBE3A	Angelman Syndrome
F12	Hereditary Angioedema Type III
SERPING1	Hereditary Angioedema Types I and II
PAX6	Aniridia
GRN	Aphasia, Primary Progressive
NBN	Anemia, Aplastic
ASL	Argininosuccinic Aciduria
TGFB3	Arrhythmogenic Right Ventricular Dysplasia
DSG2	Arrhythmogenic Right Ventricular Dysplasia
DSC2	Arrhythmogenic Right Ventricular Dysplasia
JUP	Arrhythmogenic Right Ventricular Dysplasia
RYR2	Arrhythmogenic Right Ventricular Dysplasia
TMEM43	Arrhythmogenic Right Ventricular Dysplasia
DSP	Arrhythmogenic Right Ventricular Dysplasia
PKP2	Arrhythmogenic Right Ventricular Dysplasia
AGA	Aspartylglucosaminuria
ATM	Ataxia Telangiectasia
GATA4	Heart Septal Defects, Atrial
MYH6	Heart Septal Defects, Atrial
TBX20	Heart Septal Defects, Atrial
ACTC1	Heart Septal Defects, Atrial
TLL1	Heart Septal Defects, Atrial
CITED2	Heart Septal Defects, Atrial
GATA6	Heart Septal Defects, Atrial
BBS1	Bardet-Biedl Syndrome
BBS10	Bardet-Biedl Syndrome
BBS12	Bardet-Biedl Syndrome
MKS1	Bardet-Biedl Syndrome
SDCCAG8	Bardet-Biedl Syndrome
LZTFL1	Bardet-Biedl Syndrome
BBS2	Bardet-Biedl Syndrome
ARL6	Bardet-Biedl Syndrome
BBS4	Bardet-Biedl Syndrome
BBS5	Bardet-Biedl Syndrome
MKKS	Bardet-Biedl Syndrome
BBS7	Bardet-Biedl Syndrome
TTC8	Bardet-Biedl Syndrome
BBS9	Bardet-Biedl Syndrome
TAZ	Barth Syndrome
PTCH1	Basal Cell Nevus Syndrome
PTCH2	Basal Cell Nevus Syndrome
SUFU	Basal Cell Nevus Syndrome
CDKN1C	Beckwith-Wiedemann Syndrome
H19	Beckwith-Wiedemann Syndrome
KCNQ1OT1	Beckwith-Wiedemann Syndrome
NSD1	Beckwith-Wiedemann Syndrome
BEST1	Vitelliform Macular Dystrophy
BTD	Biotinidase Deficiency
FLCN	Birt-Hogg-Dube Syndrome
BLM	Bloom Syndrome
TFAP2A	Branchio-Oto-Renal Syndrome
SIX5	Branchio-Oto-Renal Syndrome
SCN5A	Brugada Syndrome
GPD1L	Brugada Syndrome
CACNA1C	Brugada Syndrome
CACNB2	Brugada Syndrome
SCN1B	Brugada Syndrome
KCNE3	Brugada Syndrome
SCN3B	Brugada Syndrome
HCN4	Brugada Syndrome
MYC	Burkitt Lymphoma
CHD7	CHARGE Syndrome
SEMA3E	CHARGE Syndrome
SOX9	Campomelic Dysplasia
TGFB1	Camurati-Engelmann Syndrome
ASPA	Canavan Disease
LMNA	Cardiomyopathy, Dilated
TNNI3	Cardiomyopathy, Dilated
GATAD1	Muscular Dystrophy, Duchenne
DMD	Muscular Dystrophy, Duchenne
JPH2	Cardiomyopathy, Hypertrophic, Familial
PRKAG2	Cardiomyopathy, Hypertrophic, Familial
MYH7	Cardiomyopathy, Hypertrophic, Familial
MYL2	Cardiomyopathy, Hypertrophic, Familial
ACTC1	Cardiomyopathy, Hypertrophic, Familial
CSRP3	Cardiomyopathy, Hypertrophic, Familial
TNNC1	Cardiomyopathy, Hypertrophic, Familial
MYH6	Cardiomyopathy, Hypertrophic, Familial
VCL	Cardiomyopathy, Hypertrophic, Familial
MYOZ2	Cardiomyopathy, Hypertrophic, Familial
PLN	Cardiomyopathy, Hypertrophic, Familial
CALR3	Cardiomyopathy, Hypertrophic, Familial
CAV3	Cardiomyopathy, Hypertrophic, Familial
TNNT2	Cardiomyopathy, Hypertrophic, Familial
NEXN	Cardiomyopathy, Hypertrophic, Familial
MYPN	Cardiomyopathy, Hypertrophic, Familial
TPM1	Cardiomyopathy, Hypertrophic, Familial
MYBPC3	Cardiomyopathy, Hypertrophic, Familial
TNNI3	Cardiomyopathy, Hypertrophic, Familial
MYL3	Cardiomyopathy, Hypertrophic, Familial
TTN	Cardiomyopathy, Hypertrophic, Familial
PRKAR1A	Carney Complex
LIM2	Cataract
CRYBA4	Cataract
BFSP1	Cataract
TDRD7	Cataract
RYR1	Myopathy, Central Core
CP	Cerebellar Ataxia
CST3	Cerebral Amyloid Angiopathy
NOTCH3	CADASIL
PDCD10	Hemangioma, Cavernous, Central Nervous System
KRIT1	Hemangioma, Cavernous, Central Nervous System
CCM2	Hemangioma, Cavernous, Central Nervous System
CYP27A1	Xanthomatosis, Cerebrotendinous
PPT1	Neuronal Ceroid-Lipofuscinoses
CTSD	Neuronal Ceroid-Lipofuscinoses
GRN	Neuronal Ceroid-Lipofuscinoses
TPP1	Neuronal Ceroid-Lipofuscinoses
CLN3	Neuronal Ceroid-Lipofuscinoses
DNAJC5	Neuronal Ceroid-Lipofuscinoses
CLN5	Neuronal Ceroid-Lipofuscinoses
CLN6	Neuronal Ceroid-Lipofuscinoses
MFSD8	Neuronal Ceroid-Lipofuscinoses
CLN8	Neuronal Ceroid-Lipofuscinoses
PMP22	Charcot-Marie-Tooth Disease
MPZ	Charcot-Marie-Tooth Disease
KIF1B	Charcot-Marie-Tooth Disease
MFN2	Charcot-Marie-Tooth Disease
RAB7A	Charcot-Marie-Tooth Disease
LMNA	Charcot-Marie-Tooth Disease
MED25	Charcot-Marie-Tooth Disease
MPZ	Charcot-Marie-Tooth Disease
GDAP1	Charcot-Marie-Tooth Disease
MTMR2	Charcot-Marie-Tooth Disease
SBF2	Charcot-Marie-Tooth Disease
LYST	Chediak-Higashi Syndrome
SH3BP2	Cherubism
LIPA	Cholesterol Ester Storage Disease
ANKH	Chondrocalcinosis
EXT1	Chondrosarcoma
CHM	Choroideremia
MEF2C	Jacobsen Distal 11q Deletion Syndrome
DNAI1	Kartagener Syndrome
DNAAF2	Kartagener Syndrome
RSPH4A	Kartagener Syndrome
RSPH9	Kartagener Syndrome
DNAAF1	Kartagener Syndrome
CCDC39	Kartagener Syndrome
CCDC40	Kartagener Syndrome
DNAL1	Kartagener Syndrome
CCDC103	Kartagener Syndrome
HEATR2	Kartagener Syndrome
LRRC6	Kartagener Syndrome
DNAAF3	Kartagener Syndrome
CCDC114	Kartagener Syndrome
DRC1	Kartagener Syndrome
ZMYND10	Kartagener Syndrome
ARMC4	Kartagener Syndrome
RSPH1	Kartagener Syndrome
DYX1C1	Kartagener Syndrome
C21orf59	Kartagener Syndrome
CCDC65	Kartagener Syndrome
SPAG1	Kartagener Syndrome
DNAH5	Kartagener Syndrome
CCDC151	Kartagener Syndrome
HYDIN	Kartagener Syndrome
NME8	Kartagener Syndrome
DNAH11	Kartagener Syndrome
DNAI2	Kartagener Syndrome
ASS1	Citrullinemia
UBB	Cleft Palate
RUNX2	Cleidocranial Dysplasia
ERCC8	Cockayne Syndrome
ERCC6	Cockayne Syndrome
RPS6KA3	Coffin-Lowry Syndrome
NLRP3	Cryopyrin-Associated Periodic Syndromes
PAX6	Coloboma
YAP1	Coloboma
MSH2	Lynch Syndrome II
MLH1	Lynch Syndrome II
PMS2	Lynch Syndrome II
MSH6	Lynch Syndrome II
TGFBR2	Lynch Syndrome II
MLH3	Lynch Syndrome II
EPCAM	Lynch Syndrome II
SEMA4A	Retinitis Pigmentosa
RAX2	Retinitis Pigmentosa
PROM1	Retinitis Pigmentosa
RPGRIP1	Retinitis Pigmentosa
GUCA1A	Retinitis Pigmentosa
CDHR1	Retinitis Pigmentosa
C8orf37	Retinitis Pigmentosa
RAB28	Retinitis Pigmentosa
TTLL5	Retinitis Pigmentosa
POC1B	Retinitis Pigmentosa
ABCA4	Retinitis Pigmentosa
PITPNM3	Retinitis Pigmentosa
GUCY2D	Retinitis Pigmentosa
RIMS1	Retinitis Pigmentosa
ADAM9	Retinitis Pigmentosa
AIPL1	Retinitis Pigmentosa
CRX	Retinitis Pigmentosa
FLNA	Intestinal Pseudo-Obstruction
CLMP	Intestinal Pseudo-Obstruction
TBX1	DiGeorge Syndrome
NIPBL	De Lange Syndrome
SMC1A	De Lange Syndrome
SMC3	De Lange Syndrome
RAD21	De Lange Syndrome
HDAC8	De Lange Syndrome
HRAS	Costello Syndrome
SDHB	Hamartoma Syndrome, Multiple
SDHD	Hamartoma Syndrome, Multiple
KLLN	Hamartoma Syndrome, Multiple
PIK3CA	Hamartoma Syndrome, Multiple
AKT1	Hamartoma Syndrome, Multiple
FGFR2	Acrocephalosyndactylia
HPGD	Osteoarthropathy, Primary Hypertrophic
TCF12	Craniosynostoses
ERF	Craniosynostoses
TWIST1	Craniosynostoses
MSX2	Craniosynostoses
PRNP	Creutzfeldt-Jakob Syndrome
UGT1A1	Crigler-Najjar Syndrome
FGFR2	Craniofacial Dysostosis
INSL3	Cryptorchidism
RXFP2	Cryptorchidism
CFTR	Cystic Fibrosis
CTNS	Cystinosis
SLC3A1	Cystinuria
SLC7A9	Cystinuria
LAMP2	Glycogen Storage Disease Type IIb
ATP2A2	Darier Disease
EGR2	Hereditary Sensory and Motor Neuropathy
MPZ	Hereditary Sensory and Motor Neuropathy
PMP22	Hereditary Sensory and Motor Neuropathy
PRX	Hereditary Sensory and Motor Neuropathy
PSEN1	Frontotemporal Dementia
OCRL	Dent Disease
CLCN5	Dent Disease
DSPP	Dental Pulp Calcification
WT1	Denys-Drash Syndrome
PDGFB	Dermatofibrosarcoma
TBX1	DiGeorge Syndrome
AQP2	Diabetes Insipidus, Nephrogenic
AVPR2	Diabetes Insipidus, Nephrogenic
AVP	Diabetes Insipidus, Neurogenic
HNF1A	Diabetes Mellitus, Type 1
PAX4	Diabetes Mellitus, Type 1
ABCC8	Diabetes Mellitus, Type 2
HNF1B	Diabetes Mellitus, Type 2
PAX4	Diabetes Mellitus, Type 2
AKT2	Diabetes Mellitus, Type 2
RPS19	Anemia, Diamond-Blackfan
RPS26	Anemia, Diamond-Blackfan
RPS29	Anemia, Diamond-Blackfan
RPS17	Anemia, Diamond-Blackfan
RPL35A	Anemia, Diamond-Blackfan
RPL5	Anemia, Diamond-Blackfan
RPL11	Anemia, Diamond-Blackfan
RPS7	Anemia, Diamond-Blackfan
RPS10	Anemia, Diamond-Blackfan
RPS24	Anemia, Diamond-Blackfan
GUCY2C	Diarrhea
HPGD	Osteoarthropathy, Primary Hypertrophic
DPYD	Dihydropyrimidine Dehydrogenase Deficiency
DPYS	Dihydropyrimidine Dehydrogenase Deficiency
CFC1	Double Outlet Right Ventricle
GDF1	Double Outlet Right Ventricle
SCN1A	Epilepsies, Myoclonic
CHN1	Duane Retraction Syndrome
SALL4	Duane Retraction Syndrome
ABCC2	Jaundice, Chronic Idiopathic
IKBKAP	Dysautonomia, Familial
SEC23B	Anemia, Dyserythropoietic, Congenital
DKC1	Dyskeratosis Congenita
PRKRA	Dystonia
ANO3	Dystonia
GNAL	Dystonia
SLC2A1	Dystonia
ATP1A3	Dystonia
EDA	Ectodermal Dysplasia 1, Anhidrotic
COL3A1	Ehlers-Danlos Syndrome
EVC	Ellis-Van Creveld Syndrome
EVC2	Ellis-Van Creveld Syndrome
EMD	Muscular Dystrophy, Emery-Dreifuss
SYNE1	Muscular Dystrophy, Emery-Dreifuss
SYNE2	Muscular Dystrophy, Emery-Dreifuss
FHL1	Muscular Dystrophy, Emery-Dreifuss
TMC6	Epidermodysplasia Verruciformis
TMC8	Epidermodysplasia Verruciformis
ITGB4	Epidermolysis Bullosa Simplex
KRT14	Epidermolysis Bullosa Simplex
KRT5	Epidermolysis Bullosa Simplex
KRT14	Epidermolysis Bullosa Simplex
KRT5	Epidermolysis Bullosa Simplex
KRT14	Epidermolysis Bullosa Simplex
KRT5	Epidermolysis Bullosa Simplex
LAMA3	Epidermolysis Bullosa, Junctional
LAMA3	Epidermolysis Bullosa, Junctional
LAMB3	Epidermolysis Bullosa, Junctional
LAMC2	Epidermolysis Bullosa, Junctional
KRT1	Hyperkeratosis, Epidermolytic
KRT10	Hyperkeratosis, Epidermolytic
PRICKLE2	Unverricht-Lundborg Syndrome
GOSR2	Unverricht-Lundborg Syndrome
COMP	Osteochondrodysplasias
COL9A2	Osteochondrodysplasias
COL9A3	Osteochondrodysplasias
SLC26A2	Osteochondrodysplasias
MATN3	Osteochondrodysplasias
COL9A1	Osteochondrodysplasias
SCN9A	Erythromelalgia
EWSR1	Sarcoma, Ewing
GLA	Fabry Disease
F5	Factor V Deficiency
F7	Factor VII Deficiency
F10	Factor X Deficiency
F12	Factor XII Deficiency
NLRP12	Cryopyrin-Associated Periodic Syndromes
PLCG2	Cryopyrin-Associated Periodic Syndromes
SLC34A1	Fanconi Syndrome
SLC2A2	Fanconi Syndrome
ASAH1	Farber Lipogranulomatosis
G6PD	Favism
SLC52A3	Bulbar Palsy, Progressive
SOS1	Fibromatosis, Gingival
LCAT	Lecithin Acyltransferase Deficiency
PORCN	Focal Dermal Hypoplasia
ANLN	Glomerulosclerosis, Focal Segmental
PRPH2	Vitelliform Macular Dystrophy
FMR1	Fragile X Syndrome
FRAS1	Fraser Syndrome
FREM2	Fraser Syndrome
GRIP1	Fraser Syndrome
WT1	Frasier Syndrome
FXN	Friedreich Ataxia
GRN	Frontotemporal Dementia
ALDOB	Fructose Intolerance
FBP1	Fructose-1,6-Diphosphatase Deficiency
FUCA1	Fucosidosis
GLB1	Gangliosidosis, GM1
GLB1	Gangliosidosis, GM1
GLB1	Gangliosidosis, GM1
GM2A	Tay-Sachs Disease, AB Variant
GALE	Galactosemias
GALT	Galactosemias
ABCB4	Gallbladder Diseases
ABCG8	Gallbladder Diseases
APC	Gardner Syndrome
SDHB	Gastrointestinal Stromal Tumors
SDHC	Gastrointestinal Stromal Tumors
GBA	Gaucher Disease
GBA	Gaucher Disease
GBA	Gaucher Disease
KIT	Neoplasms, Germ Cell and Embryonal
PRNP	Gerstmann-Straussler-Scheinker Disease
GAN	Giant Axonal Neuropathy
SLC12A3	Gitelman Syndrome
ACTN4	Glomerulosclerosis, Focal Segmental
TRPC6	Glomerulosclerosis, Focal Segmental
CD2AP	Glomerulosclerosis, Focal Segmental
INF2	Glomerulosclerosis, Focal Segmental
MYO1E	Glomerulosclerosis, Focal Segmental
PAX2	Glomerulosclerosis, Focal Segmental
AMT	Hyperglycinemia, Nonketotic
GCSH	Hyperglycinemia, Nonketotic
GLDC	Hyperglycinemia, Nonketotic
GAA	Glycogen Storage Disease Type II
PFKM	Glycogen Storage Disease Type VII
LDHA	Fanconi Syndrome
NBEAL2	Gray Platelet Syndrome
ATP2C1	Pemphigus, Benign Familial
NOTCH2	Hajdu-Cheney Syndrome
SLC6A19	Hartnup Disease
HFE	Hemochromatosis
G6PD	Glucosephosphate Dehydrogenase Deficiency
PRF1	Lymphohistiocytosis, Hemophagocytic
UNC13D	Lymphohistiocytosis, Hemophagocytic
STX11	Lymphohistiocytosis, Hemophagocytic
STXBP2	Lymphohistiocytosis, Hemophagocytic
F8	Hemophilia A
F9	Hemophilia B
HPS1	Hermanski-Pudlak Syndrome
AP3B1	Hermanski-Pudlak Syndrome
HPS3	Hermanski-Pudlak Syndrome
HPS4	Hermanski-Pudlak Syndrome
HPS5	Hermanski-Pudlak Syndrome
HPS6	Hermanski-Pudlak Syndrome
DTNBP1	Hermanski-Pudlak Syndrome
BLOC1S3	Hermanski-Pudlak Syndrome
BLOC1S6	Hermanski-Pudlak Syndrome
NODAL	Heterotaxy Syndrome
HLCS	Holocarboxylase Synthetase Deficiency
CDON	Holoprosencephaly
SIX3	Holoprosencephaly
SHH	Holoprosencephaly
TGIF1	Holoprosencephaly
ZIC2	Holoprosencephaly
PTCH1	Holoprosencephaly
GLI2	Holoprosencephaly
HTT	Huntington Disease
ANTXR2	Hyalinosis, Systemic
NLRP7	Hydatidiform Mole
MVK	Mevalonate Kinase Deficiency
DOCK8	Job Syndrome
APOA5	Hyperlipoproteinemia Type V
SLC6A5	Stiff-Person Syndrome
ABCC8	Congenital Hyperinsulinism
KCNJ11	Congenital Hyperinsulinism
GCK	Congenital Hyperinsulinism
HADH	Congenital Hyperinsulinism
INSR	Congenital Hyperinsulinism
SLC16A1	Congenital Hyperinsulinism
SCN4A	Paralysis, Hyperkalemic Periodic
APOC2	Hyperlipoproteinemia Type I
AASS	Hyperlysinemias
QDPR	Phenylketonurias
HPGD	Osteoarthropathy, Primary Hypertrophic
SLCO2A1	Osteoarthropathy, Primary Hypertrophic
CLCN5	Rickets, Hypophosphatemic
PHEX	Familial Hypophosphatemic Rickets
GJA1	Hypoplastic Left Heart Syndrome
NKX2-5	Hypoplastic Left Heart Syndrome
F2	Hypoprothrombinemias
APCDD1	Hypotrichosis
SNRPE	Hypotrichosis
RPL21	Hypotrichosis
CDSN	Hypotrichosis
KRT74	Hypotrichosis
HR	Hypotrichosis
DSG4	Hypotrichosis
LIPH	Hypotrichosis
LPAR6	Hypotrichosis
KRT2	Ichthyosis Bullosa of Siemens
FLG	Ichthyosis Vulgaris
STS	Ichthyosis, X-Linked
STIM1	X-Linked Combined Immunodeficiency Diseases
CARD11	X-Linked Combined Immunodeficiency Diseases
MALT1	X-Linked Combined Immunodeficiency Diseases
PIK3CD	X-Linked Combined Immunodeficiency Diseases
IKBKB	X-Linked Combined Immunodeficiency Diseases
CD3E	X-Linked Combined Immunodeficiency Diseases
CD3D	X-Linked Combined Immunodeficiency Diseases
FCGR3A	X-Linked Combined Immunodeficiency Diseases
GATA2	X-Linked Combined Immunodeficiency Diseases
PGM3	X-Linked Combined Immunodeficiency Diseases
CTPS1	X-Linked Combined Immunodeficiency Diseases
IL12RB1	X-Linked Combined Immunodeficiency Diseases
IKBKG	X-Linked Combined Immunodeficiency Diseases
TYK2	X-Linked Combined Immunodeficiency Diseases
PIK3R1	X-Linked Combined Immunodeficiency Diseases
CORO1A	X-Linked Combined Immunodeficiency Diseases
UNG	Hyper-IgM Immunodeficiency Syndrome
AICDA	Hyper-IgM Immunodeficiency Syndrome
CD40	Hyper-IgM Immunodeficiency Syndrome
PLA2G6	Neuroaxonal Dystrophies
IRGM	Inflammatory Bowel Diseases
NTRK1	Hereditary Sensory and Autonomic Neuropathies
PRNP	Insomnia, Fatal Familial
KCNE1	Jervell-Lange Nielsen Syndrome
KCNQ1	Jervell-Lange Nielsen Syndrome
PAX6	Keratitis
VSX1	Keratoconus
MEOX1	Klippel-Feil Syndrome
PTPN11	LEOPARD Syndrome
RAF1	LEOPARD Syndrome
BRAF	LEOPARD Syndrome
MYH7	Distal Myopathies
GHR	Laron Syndrome
GUCY2D	Leber Congenital Amaurosis
CEP290	Leber Congenital Amaurosis
IMPDH1	Leber Congenital Amaurosis
RD3	Leber Congenital Amaurosis
RDH12	Leber Congenital Amaurosis
LRAT	Leber Congenital Amaurosis
TULP1	Leber Congenital Amaurosis
KCNJ13	Leber Congenital Amaurosis
GDF6	Leber Congenital Amaurosis
RPE65	Leber Congenital Amaurosis
SPATA7	Leber Congenital Amaurosis
AIPL1	Leber Congenital Amaurosis
LCA5	Leber Congenital Amaurosis
RPGRIP1	Leber Congenital Amaurosis
CRX	Leber Congenital Amaurosis
CRB1	Leber Congenital Amaurosis
NMNAT1	Leber Congenital Amaurosis
BCS1L	Leigh Disease
NDUFA10	Leigh Disease
NDUFAF2	Leigh Disease
NDUFS4	Leigh Disease
NDUFS7	Leigh Disease
SDHA	Leigh Disease
HPRT1	Lesch-Nyhan Syndrome
LMO2	Precursor T-Cell Lymphoblastic Leukemia-Lymphoma
TCF3	Precursor Cell Lymphoblastic Leukemia-Lymphoma
IKZF1	Precursor Cell Lymphoblastic Leukemia-Lymphoma
NBN	Precursor Cell Lymphoblastic Leukemia-Lymphoma
BCR	Precursor Cell Lymphoblastic Leukemia-Lymphoma
ARNT	Leukemia, Myeloid, Acute
KRAS	Leukemia, Myeloid, Acute
GMPS	Leukemia, Myeloid, Acute
JAK2	Leukemia, Myeloid, Acute
MLF1	Leukemia, Myeloid, Acute
NSD1	Leukemia, Myeloid, Acute
SH3GL1	Leukemia, Myeloid, Acute
MLLT10	Leukemia, Myeloid, Acute
ARHGEF12	Leukemia, Myeloid, Acute
CEBPA	Leukemia, Myeloid, Acute
FLT3	Leukemia, Myeloid, Acute
KIT	Leukemia, Myeloid, Acute
LPP	Leukemia, Myeloid, Acute
NPM1	Leukemia, Myeloid, Acute
NUP214	Leukemia, Myeloid, Acute
PICALM	Leukemia, Myeloid, Acute
RUNX1	Leukemia, Myeloid, Acute
WHSC1L1	Leukemia, Myeloid, Acute
MLLT11	Leukemia, Myelomonocytic, Acute
DEK	Leukemia, Myeloid, Acute
RARA	Leukemia, Promyelocytic, Acute
BCR	Leukemia, Myelogenous, Chronic, BCR-ABL Positive
ARHGAP26	Leukemia, Myelomonocytic, Juvenile
NF1	Leukemia, Myelomonocytic, Juvenile
PTPN11	Leukemia, Myelomonocytic, Juvenile
GJC2	Pelizaeus-Merzbacher Disease
AIMP1	Pelizaeus-Merzbacher Disease
HSPD1	Pelizaeus-Merzbacher Disease
FAM126A	Pelizaeus-Merzbacher Disease
TUBB4A	Pelizaeus-Merzbacher Disease
TP53	Li-Fraumeni Syndrome
SCNN1B	Liddle Syndrome
SCNN1G	Liddle Syndrome
AGPAT2	Lipodystrophy, Congenital Generalized
BSCL2	Lipodystrophy, Congenital Generalized
PTRF	Lipodystrophy, Congenital Generalized
LMNA	Lipodystrophy, Familial Partial
PPARG	Lipodystrophy, Familial Partial
PLIN1	Lipodystrophy, Familial Partial
LPP	Lipoma
PAFAH1B1	Lissencephaly
TUBA1A	Lissencephaly
LAMB1	Lissencephaly
ARX	Classical Lissencephalies and Subcortical Band Heterotopias
DCX	Classical Lissencephalies and Subcortical Band Heterotopias
KCNQ1	Long QT Syndrome
SNTA1	Long QT Syndrome
KCNJ5	Long QT Syndrome
KCNH2	Long QT Syndrome
ANK2	Long QT Syndrome
KCNE1	Long QT Syndrome
KCNE2	Long QT Syndrome
CAV3	Long QT Syndrome
SCN4B	Long QT Syndrome
AKAP9	Long QT Syndrome
SCN5A	Long QT Syndrome
TSC1	Lymphangioleiomyomatosis
FLT4	Lymphedema
BCL6	Lymphoma, B-Cell
ATM	Lymphoma, Mantle-Cell
PRF1	Lymphoma, Non-Hodgkin
SH2D1A	Lymphoproliferative Disorders
XIAP	Lymphoproliferative Disorders
ATXN3	Machado-Joseph Disease
CST3	Macular Degeneration
FBLN5	Macular Degeneration
RAX2	Macular Degeneration
PRPH2	Macular Degeneration
PRPH2	Vitelliform Macular Dystrophy
FBN1	Marfan Syndrome
SIL1	Spinocerebellar Degenerations
KIT	Mastocytosis
PYGM	Glycogen Storage Disease Type V
PTCH2	Medulloblastoma
KRT12	Corneal Dystrophy, Juvenile Epithelial of Meesmann
KRT3	Corneal Dystrophy, Juvenile Epithelial of Meesmann
FLNA	Osteochondrodysplasias
MN1	Meningioma
ATP7A	Menkes Kinky Hair Syndrome
IQSEC2	Mental Retardation, X-Linked
RPS6KA3	Mental Retardation, X-Linked
IL1RAPL1	Mental Retardation, X-Linked
PAK3	Mental Retardation, X-Linked
GDI1	Mental Retardation, X-Linked
ZNF81	Mental Retardation, X-Linked
ARHGEF6	Mental Retardation, X-Linked
TSPAN7	Mental Retardation, X-Linked
ACSL4	Mental Retardation, X-Linked
RAB39B	Mental Retardation, X-Linked
FTSJ1	Mental Retardation, X-Linked
DLG3	Mental Retardation, X-Linked
BRWD3	Mental Retardation, X-Linked
GRIA3	Mental Retardation, X-Linked
SYP	Mental Retardation, X-Linked
ZNF711	Mental Retardation, X-Linked
KIAA2022	Mental Retardation, X-Linked
USP9X	Mental Retardation, X-Linked
NLGN4X	Mental Retardation, X-Linked
ARSA	Leukodystrophy, Metachromatic
MVK	Mevalonate Kinase Deficiency
APOPT1	Cytochrome-c Oxidase Deficiency
COA5	Cytochrome-c Oxidase Deficiency
COX10	Cytochrome-c Oxidase Deficiency
COX20	Cytochrome-c Oxidase Deficiency
PET100	Cytochrome-c Oxidase Deficiency
KRT81	Monilethrix
KRT86	Monilethrix
ACTA2	Moyamoya Disease
NLRP3	Cryopyrin-Associated Periodic Syndromes
GNPTAB	Mucolipidoses
GNPTAB	Mucolipidoses
MCOLN1	Mucolipidoses
IDS	Mucopolysaccharidosis II
IDUA	Mucopolysaccharidosis I
GUSB	Mucopolysaccharidosis VII
GNS	Mucopolysaccharidosis III
MLH1	Muir-Torre Syndrome
MSH2	Muir-Torre Syndrome
TRIM37	Mulibrey Nanism
MEN1	Multiple Endocrine Neoplasia
IRF4	Multiple Myeloma
SUMF1	Multiple Sulfatase Deficiency Disease
SGCA	Sarcoglycanopathies
POMT1	Walker-Warburg Syndrome
TMEM5	Walker-Warburg Syndrome
POMK	Walker-Warburg Syndrome
B3GNT1	Walker-Warburg Syndrome
GMPPB	Walker-Warburg Syndrome
POMT2	Walker-Warburg Syndrome
POMGNT1	Walker-Warburg Syndrome
FKTN	Walker-Warburg Syndrome
FKRP	Walker-Warburg Syndrome
LARGE	Walker-Warburg Syndrome
ISPD	Walker-Warburg Syndrome
B3GALNT2	Walker-Warburg Syndrome
POMGNT2	Walker-Warburg Syndrome
POMT1	Walker-Warburg Syndrome
GMPPB	Walker-Warburg Syndrome
POMT2	Walker-Warburg Syndrome
POMGNT1	Walker-Warburg Syndrome
FKTN	Walker-Warburg Syndrome
FKRP	Walker-Warburg Syndrome
ISPD	Walker-Warburg Syndrome
DAG1	Walker-Warburg Syndrome
CHRNG	Myasthenia Gravis, Neonatal
ACSL6	Myelodysplastic Syndromes
ACSL6	Leukemia, Myeloid, Acute
IRF1	Leukemia, Myeloid, Acute
FGFR1OP	Myeloproliferative Disorders
KCNQ2	Myokymia
TPM3	Myopathies, Structural, Congenital
DNM2	Myopathies, Structural, Congenital
MYF6	Myopathies, Structural, Congenital
CCDC78	Myopathies, Structural, Congenital
ACTA1	Myopathies, Structural, Congenital
SEPN1	Myopathies, Structural, Congenital
FLNC	Distal Myopathies
STIM1	Myopathies, Structural, Congenital
SCO2	Myopia
DMPK	Myotonic Dystrophy
CNBP	Myotonic Dystrophy
DDIT3	Liposarcoma, Myxoid
LMX1B	Nail-Patella Syndrome
HCRT	Narcolepsy
MOG	Narcolepsy
NEB	Myopathies, Nemaline
TPM2	Myopathies, Nemaline
KBTBD13	Myopathies, Nemaline
CFL2	Myopathies, Nemaline
KLHL40	Myopathies, Nemaline
KLHL41	Myopathies, Nemaline
SPINK5	Netherton Syndrome
FUZ	Neural Tube Defects
VANGL1	Neural Tube Defects
VANGL2	Neural Tube Defects
NME1	Neuroblastoma
PANK2	Pantothenate Kinase-Associated Neurodegeneration
FTL	Pantothenate Kinase-Associated Neurodegeneration
C19orf12	Pantothenate Kinase-Associated Neurodegeneration
COASY	Pantothenate Kinase-Associated Neurodegeneration
NF1	Neurofibromatosis 1
NF2	Neurofibromatosis 2
MXI1	Neurofibrosarcoma
NGF	Hereditary Sensory and Autonomic Neuropathies
SMPD1	Niemann-Pick Disease, Type A
SMPD1	Niemann-Pick Disease, Type B
NPC1	Niemann-Pick Disease, Type C
NPC1	Niemann-Pick Disease, Type C
NPC2	Niemann-Pick Disease, Type C
NBN	Nijmegen Breakage Syndrome
PTPN11	Noonan Syndrome
KRAS	Noonan Syndrome
SOS1	Noonan Syndrome
RAF1	Noonan Syndrome
NRAS	Noonan Syndrome
BRAF	Noonan Syndrome
RIT1	Noonan Syndrome
LCAT	Lecithin Acyltransferase Deficiency
PPARG	Obesity, Morbid
SIM1	Obesity, Morbid
PABPN1	Muscular Dystrophy, Oculopharyngeal
OPA1	Optic Atrophy
TMEM126A	Optic Atrophy
OFD1	Orofaciodigital Syndromes
SLC6A2	Orthostatic Intolerance
LRP5	Osteopetrosis
CLCN7	Osteopetrosis
LEMD3	Osteopoikilosis
TP53	Osteosarcoma
LRP5	Osteosclerosis
FSHR	Ovarian Hyperstimulation Syndrome
KRT16	Pachyonychia Congenita
KRT17	Pachyonychia Congenita
KRT6A	Pachyonychia Congenita
KRT6B	Pachyonychia Congenita
SQSTM1	Osteitis Deformans
TNFRSF11A	Osteitis Deformans
GLI2	Pallister-Hall Syndrome
GLI3	Pallister-Hall Syndrome
KRT1	Keratoderma, Palmoplantar, Epidermolytic
KRT9	Keratoderma, Palmoplantar, Epidermolytic
CTSC	Papillon-Lefevre Disease
SDHAF2	Paraganglioma
SDHC	Paraganglioma
SDHB	Paraganglioma
SDHA	Paraganglioma
CDC73	Parathyroid Neoplasms
RASA1	Sturge-Weber Syndrome
SNCA	Parkinson Disease
GIGYF2	Parkinson Disease
HTRA2	Parkinson Disease
PLA2G6	Parkinson Disease
VPS35	Parkinson Disease
EIF4G1	Parkinson Disease
SNCA	Parkinson Disease
PARK7	Parkinsonian Disorders
LRRK2	Parkinson Disease
LBR	Pelger-Huet Anomaly
PLP1	Pelizaeus-Merzbacher Disease
GATA6	Truncus Arteriosus, Persistent
NKX2-6	Truncus Arteriosus, Persistent
STK11	Peutz-Jeghers Syndrome
PAH	Phenylketonurias
KIF1B	Pheochromocytoma
SDHB	Pheochromocytoma
SDHD	Pheochromocytoma
VHL	Pheochromocytoma
MAPT	Pick Disease of the Brain
PSEN1	Pick Disease of the Brain
KIT	Piebaldism
SNAI2	Piebaldism
AIP	ACTH-Secreting Pituitary Adenoma
AIP	Growth Hormone-Secreting Pituitary Adenoma
AIP	Prolactinoma
CARD14	Pityriasis Rubra Pilaris
PKHD1	Polycystic Kidney, Autosomal Recessive
PKD2	Polycystic Kidney, Autosomal Dominant
JAK2	Polycythemia Vera
COL4A1	Porencephaly
COL4A2	Porencephaly
MVK	Porokeratosis
UROD	Porphyria Cutanea Tarda
PPOX	Porphyria, Variegate
HMBS	Porphyria, Acute Intermittent
UROS	Porphyria, Erythropoietic
UROD	Porphyria, Hepatoerythropoietic
NDN	Prader-Willi Syndrome
SNRPN	Prader-Willi Syndrome
STOX1	Pre-Eclampsia
CORIN	Pre-Eclampsia
FMR1	Primary Ovarian Insufficiency
FOXL2	Primary Ovarian Insufficiency
BMP15	Primary Ovarian Insufficiency
NOBOX	Primary Ovarian Insufficiency
FIGLA	Primary Ovarian Insufficiency
HFM1	Primary Ovarian Insufficiency
DIAPH2	Primary Ovarian Insufficiency
PEPD	Prolidase Deficiency
PCCA	Propionic Acidemia
PCCB	Propionic Acidemia
SCNN1A	Pseudohypoaldosteronism
SCNN1B	Pseudohypoaldosteronism
SCNN1G	Pseudohypoaldosteronism
GNAS-AS1	Pseudohypoparathyroidism
STX16	Pseudohypoparathyroidism
GNAS	Pseudopseudohypoparathyroidism
ABCC6	Pseudoxanthoma Elasticum
ABCC6	Pseudoxanthoma Elasticum
SFTPA2	Idiopathic Pulmonary Fibrosis
SMAD9	Familial Primary Pulmonary Hypertension
CAV1	Familial Primary Pulmonary Hypertension
KCNK3	Familial Primary Pulmonary Hypertension
BMPR2	Pulmonary Veno-Occlusive Disease
EIF2AK4	Pulmonary Veno-Occlusive Disease
CTSK	Pycnodysostosis
PC	Pyruvate Carboxylase Deficiency Disease
MAK	Retinitis Pigmentosa
INSR	Donohue Syndrome
PHYH	Refsum Disease
DIRC2	Carcinoma, Renal Cell
HNF1A	Carcinoma, Renal Cell
RNF139	Carcinoma, Renal Cell
TFE3	Carcinoma, Renal Cell
PRCC	Carcinoma, Renal Cell
SLC5A2	Glycosuria, Renal
SLC4A4	Acidosis, Renal Tubular
RP1	Retinitis Pigmentosa
IMPDH1	Retinitis Pigmentosa
PRPF31	Retinitis Pigmentosa
PRPF8	Retinitis Pigmentosa
TULP1	Retinitis Pigmentosa
CA4	Retinitis Pigmentosa
PRPF3	Retinitis Pigmentosa
ABCA4	Retinitis Pigmentosa
RP2	Retinitis Pigmentosa
RPE65	Retinitis Pigmentosa
EYS	Retinitis Pigmentosa
CERKL	Retinitis Pigmentosa
FAM161A	Retinitis Pigmentosa
RPGR	Retinitis Pigmentosa
FSCN2	Retinitis Pigmentosa
TOPORS	Retinitis Pigmentosa
SNRNP200	Retinitis Pigmentosa
SEMA4A	Retinitis Pigmentosa
PRCD	Retinitis Pigmentosa
NR2E3	Retinitis Pigmentosa
MERTK	Retinitis Pigmentosa
USH2A	Retinitis Pigmentosa
PROM1	Retinitis Pigmentosa
KLHL7	Retinitis Pigmentosa
PDE6A	Retinitis Pigmentosa
RGR	Retinitis Pigmentosa
CNGB1	Retinitis Pigmentosa
IDH3B	Retinitis Pigmentosa
SAG	Retinitis Pigmentosa
GUCA1B	Retinitis Pigmentosa
CNGA1	Retinitis Pigmentosa
C2orf71	Retinitis Pigmentosa
IMPG2	Retinitis Pigmentosa
PDE6G	Retinitis Pigmentosa
ZNF513	Retinitis Pigmentosa
DHDDS	Retinitis Pigmentosa
PRPF6	Retinitis Pigmentosa
CLRN1	Retinitis Pigmentosa
C8orf37	Retinitis Pigmentosa
CDHR1	Retinitis Pigmentosa
SLC7A14	Retinitis Pigmentosa
KIZ	Retinitis Pigmentosa
PRPH2	Retinitis Pigmentosa
PRPF4	Retinitis Pigmentosa
PDE6B	Retinitis Pigmentosa
BEST1	Retinitis Pigmentosa
RB1	Retinoblastoma
FZD4	Retinopathy of Prematurity
RS1	Retinoschisis
MECP2	Rett Syndrome
PAX3	Rhabdomyosarcoma, Alveolar
PAX7	Rhabdomyosarcoma, Alveolar
FOXO1	Rhabdomyosarcoma, Alveolar
DICER1	Rhabdomyosarcoma, Embryonal
SLC52A1	Riboflavin Deficiency
GDF1	Heterotaxy Syndrome
RECQL4	Rothmund-Thomson Syndrome
MPZ	Charcot-Marie-Tooth Disease
PMP22	Charcot-Marie-Tooth Disease
EP300	Rubinstein-Taybi Syndrome
CREBBP	Rubinstein-Taybi Syndrome
FGFR2	Acrocephalosyndactylia
TWIST1	Acrocephalosyndactylia
SS18	Sarcoma, Synovial
TRPV4	Muscular Atrophy, Spinal
EMX2	Schizencephaly
SHH	Schizencephaly
SIX3	Schizencephaly
DISC2	Schizophrenia
HSPG2	Osteochondrodysplasias
PRRT2	Epilepsy, Benign Neonatal
SCN2A	Epilepsy, Benign Neonatal
HESX1	Septo-Optic Dysplasia
IL2RG	X-Linked Combined Immunodeficiency Diseases
SCN5A	Sick Sinus Syndrome
HCN4	Sick Sinus Syndrome
H19	Silver-Russell Syndrome
ALDH3A2	Sjogren-Larsson Syndrome
SCN9A	Erythromelalgia
DHCR7	Smith-Lemli-Opitz Syndrome
RAI1	Smith-Magenis Syndrome
NSD1	Sotos Syndrome
NFIX	Sotos Syndrome
NT5C2	Spastic Paraplegia, Hereditary
ENTPD1	Spastic Paraplegia, Hereditary
FOXP2	Apraxias
SMN1	Spinal Muscular Atrophies of Childhood
SMN1	Spinal Muscular Atrophies of Childhood
SMN1	Spinal Muscular Atrophies of Childhood
SMN1	Spinal Muscular Atrophies of Childhood
ATXN1	Spinocerebellar Ataxias
ATXN10	Spinocerebellar Ataxias
TTBK2	Spinocerebellar Ataxias
PPP2R2B	Spinocerebellar Ataxias
KCNC3	Spinocerebellar Ataxias
PRKCG	Spinocerebellar Ataxias
ITPR1	Spinocerebellar Ataxias
TBP	Spinocerebellar Ataxias
KCND3	Spinocerebellar Ataxias
ATXN2	Spinocerebellar Ataxias
PDYN	Spinocerebellar Ataxias
FGF14	Spinocerebellar Ataxias
AFG3L2	Spinocerebellar Ataxias
BEAN1	Spinocerebellar Ataxias
TGM6	Spinocerebellar Ataxias
NOP56	Spinocerebellar Ataxias
ELOVL5	Spinocerebellar Ataxias
SPTBN2	Spinocerebellar Ataxias
CACNA1A	Spinocerebellar Ataxias
ATXN7	Spinocerebellar Ataxias
ATXN8OS	Spinocerebellar Ataxias
ATXN8	Spinocerebellar Ataxias
KRT17	Steatocystoma Multiplex
PAFAH1B1	Classical Lissencephalies and Subcortical Band Heterotopias
MAPT	Supranuclear Palsy, Progressive
ELN	Aortic Stenosis, Supravalvular
HEXA	Tay-Sachs Disease
ENG	Telangiectasia, Hereditary Hemorrhagic
ACVRL1	Telangiectasia, Hereditary Hemorrhagic
GDF2	Telangiectasia, Hereditary Hemorrhagic
GATA4	Tetralogy of Fallot
GATA6	Tetralogy of Fallot
GDF1	Tetralogy of Fallot
TBX1	Tetralogy of Fallot
ZFPM2	Tetralogy of Fallot
HBA2	alpha-Thalassemia
ANKRD26	Thrombocytopenia
CYCS	Thrombocytopenia
MASTL	Thrombocytopenia
FCGR2C	Purpura, Thrombocytopenic, Idiopathic
MINPP1	Adenocarcinoma, Follicular
THRB	Thyroid Hormone Resistance Syndrome
TTN	Distal Myopathies
PAX9	Anodontia
WNT10A	Anodontia
LTBP3	Anodontia
SLITRK1	Tourette Syndrome
ERCC2	Trichothiodystrophy Syndromes
ERCC3	Trichothiodystrophy Syndromes
MPLKIP	Trichothiodystrophy Syndromes
SLITRK1	Trichotillomania
FGFR1	Craniosynostoses
FREM1	Craniosynostoses
TSC1	Tuberous Sclerosis
TSC2	Tuberous Sclerosis
FAH	Tyrosinemias
TAT	Tyrosinemias
HPD	Tyrosinemias
ECM1	Lipoid Proteinosis of Urbach and Wiethe
USH2A	Usher Syndromes
CLRN1	Usher Syndromes
SOST	Osteochondrodysplasias
TBX1	DiGeorge Syndrome
GATA4	Heart Septal Defects, Ventricular
CITED2	Heart Septal Defects, Ventricular
NKX2-5	Heart Septal Defects, Ventricular
ROBO2	Vesico-Ureteral Reflux
SOX17	Vesico-Ureteral Reflux
TNXB	Vesico-Ureteral Reflux
BEST1	Vitelliform Macular Dystrophy
CAPN5	Vitreoretinopathy, Proliferative
PAX3	Waardenburg Syndrome
PAX3	Waardenburg Syndrome
NF1	Neurofibromatosis 1
TIA1	Distal Myopathies
WRN	Werner Syndrome
H19	Wilms Tumor
BRCA2	Wilms Tumor
WIPF1	Wiskott-Aldrich Syndrome
WAS	Wiskott-Aldrich Syndrome
PRKAG2	Wolff-Parkinson-White Syndrome
CISD2	Wolfram Syndrome
WFS1	Wolfram Syndrome
LIPA	Wolman Disease
VHL	von Hippel-Lindau Disease
VWF	von Willebrand Disease, Type 1
